algoritmo,ranking_medio
PSO,1.0740740740740742
GWO,2.0
WOA,2.925925925925926
SSA,4.222222222222222
CS,4.777777777777778
Aleatório,6.0
